pexels-photo-2187304.jpeg,https://images.pexels.com/photos/2187304/pexels-photo-2187304.jpeg?auto=compress&cs=tinysrgb&dpr=1&w=500,https://images.pexels.com/photos/2187304/pexels-photo-2187304.jpeg,shiba inu shibe dog cho
pexels-photo-4056535.jpeg,https://images.pexels.com/photos/4056535/pexels-photo-4056535.jpeg?auto=compress&cs=tinysrgb&dpr=1&w=500,https://images.pexels.com/photos/4056535/pexels-photo-4056535.jpeg,shiba inu shibe dog cho
pexels-photo-4056529.jpeg,https://images.pexels.com/photos/4056529/pexels-photo-4056529.jpeg?auto=compress&cs=tinysrgb&dpr=1&w=500,https://images.pexels.com/photos/4056529/pexels-photo-4056529.jpeg,shiba inu shibe dog cho
free-photo-of-d-ng-d-ng-ph-thu-v-t-cho.jpeg,https://images.pexels.com/photos/15837135/pexels-photo-15837135/free-photo-of-d-ng-d-ng-ph-thu-v-t-cho.jpeg?auto=compress&cs=tinysrgb&dpr=1&w=500,https://images.pexels.com/photos/15837135/pexels-photo-15837135/free-photo-of-d-ng-d-ng-ph-thu-v-t-cho.jpeg,shiba inu shibe dog cho
free-photo-of-cho-v-t-nuoi-d-th-ng-ch-p-nh-d-ng-v-t.jpeg,https://images.pexels.com/photos/19289620/pexels-photo-19289620/free-photo-of-cho-v-t-nuoi-d-th-ng-ch-p-nh-d-ng-v-t.jpeg?auto=compress&cs=tinysrgb&dpr=1&w=500,https://images.pexels.com/photos/19289620/pexels-photo-19289620/free-photo-of-cho-v-t-nuoi-d-th-ng-ch-p-nh-d-ng-v-t.jpeg,shiba inu shibe dog cho
free-photo-of-canh-d-ng-thu-v-t-cho-v-t-nuoi.jpeg,https://images.pexels.com/photos/19183770/pexels-photo-19183770/free-photo-of-canh-d-ng-thu-v-t-cho-v-t-nuoi.jpeg?auto=compress&cs=tinysrgb&dpr=1&w=500,https://images.pexels.com/photos/19183770/pexels-photo-19183770/free-photo-of-canh-d-ng-thu-v-t-cho-v-t-nuoi.jpeg,shiba inu shibe dog cho
free-photo-of-thu-v-t-cho-v-t-nuoi-d-th-ng.jpeg,https://images.pexels.com/photos/15585112/pexels-photo-15585112/free-photo-of-thu-v-t-cho-v-t-nuoi-d-th-ng.jpeg?auto=compress&cs=tinysrgb&dpr=1&w=500,https://images.pexels.com/photos/15585112/pexels-photo-15585112/free-photo-of-thu-v-t-cho-v-t-nuoi-d-th-ng.jpeg,shiba inu shibe dog cho
pexels-photo-7162453.jpeg,https://images.pexels.com/photos/7162453/pexels-photo-7162453.jpeg?auto=compress&cs=tinysrgb&dpr=1&w=500,https://images.pexels.com/photos/7162453/pexels-photo-7162453.jpeg,shiba inu shibe dog cho
free-photo-of-thu-v-t-cho-v-t-nuoi-d-th-ng.jpeg,https://images.pexels.com/photos/16574819/pexels-photo-16574819/free-photo-of-thu-v-t-cho-v-t-nuoi-d-th-ng.jpeg?auto=compress&cs=tinysrgb&dpr=1&w=500,https://images.pexels.com/photos/16574819/pexels-photo-16574819/free-photo-of-thu-v-t-cho-v-t-nuoi-d-th-ng.jpeg,shiba inu shibe dog cho
pexels-photo-6104536.jpeg,https://images.pexels.com/photos/6104536/pexels-photo-6104536.jpeg?auto=compress&cs=tinysrgb&dpr=1&w=500,https://images.pexels.com/photos/6104536/pexels-photo-6104536.jpeg,shiba inu shibe dog cho
