pexels-photo-551628.jpeg,https://images.pexels.com/photos/551628/pexels-photo-551628.jpeg?auto=compress&cs=tinysrgb&dpr=1&w=500,https://images.pexels.com/photos/551628/pexels-photo-551628.jpeg,cho dog
pexels-photo-4681107.jpeg,https://images.pexels.com/photos/4681107/pexels-photo-4681107.jpeg?auto=compress&cs=tinysrgb&dpr=1&w=500,https://images.pexels.com/photos/4681107/pexels-photo-4681107.jpeg,cho dog
pexels-photo-247522.jpeg,https://images.pexels.com/photos/247522/pexels-photo-247522.jpeg?auto=compress&cs=tinysrgb&dpr=1&w=500,https://images.pexels.com/photos/247522/pexels-photo-247522.jpeg,cho dog
pexels-photo-1108099.jpeg,https://images.pexels.com/photos/1108099/pexels-photo-1108099.jpeg?auto=compress&cs=tinysrgb&dpr=1&w=500,https://images.pexels.com/photos/1108099/pexels-photo-1108099.jpeg,cho dog
pexels-photo-1490908.jpeg,https://images.pexels.com/photos/1490908/pexels-photo-1490908.jpeg?auto=compress&cs=tinysrgb&dpr=1&w=500,https://images.pexels.com/photos/1490908/pexels-photo-1490908.jpeg,cho dog
pexels-photo-825947.jpeg,https://images.pexels.com/photos/825947/pexels-photo-825947.jpeg?auto=compress&cs=tinysrgb&dpr=1&w=500,https://images.pexels.com/photos/825947/pexels-photo-825947.jpeg,cho dog
pexels-photo-733416.jpeg,https://images.pexels.com/photos/733416/pexels-photo-733416.jpeg?auto=compress&cs=tinysrgb&dpr=1&w=500,https://images.pexels.com/photos/733416/pexels-photo-733416.jpeg,cho dog
pexels-photo-5961946.jpeg,https://images.pexels.com/photos/5961946/pexels-photo-5961946.jpeg?auto=compress&cs=tinysrgb&h=226.525&fit=crop&w=253.17499999999998&dpr=1,https://images.pexels.com/photos/5961946/pexels-photo-5961946.jpeg,cho dog
swiss-shepherd-dog-dog-pet-portrait-46505.jpeg,https://images.pexels.com/photos/46505/swiss-shepherd-dog-dog-pet-portrait-46505.jpeg?auto=compress&cs=tinysrgb&dpr=1&w=500,https://images.pexels.com/photos/46505/swiss-shepherd-dog-dog-pet-portrait-46505.jpeg,cho dog
pexels-photo-406014.jpeg,https://images.pexels.com/photos/406014/pexels-photo-406014.jpeg?auto=compress&cs=tinysrgb&dpr=1&w=500,https://images.pexels.com/photos/406014/pexels-photo-406014.jpeg,cho dog
pexels-photo-825949.jpeg,https://images.pexels.com/photos/825949/pexels-photo-825949.jpeg?auto=compress&cs=tinysrgb&dpr=1&w=500,https://images.pexels.com/photos/825949/pexels-photo-825949.jpeg,cho dog
pexels-photo-1851164.jpeg,https://images.pexels.com/photos/1851164/pexels-photo-1851164.jpeg?auto=compress&cs=tinysrgb&dpr=1&w=500,https://images.pexels.com/photos/1851164/pexels-photo-1851164.jpeg,cho dog
pexels-photo-3687770.jpeg,https://images.pexels.com/photos/3687770/pexels-photo-3687770.jpeg?auto=compress&cs=tinysrgb&dpr=1&w=500,https://images.pexels.com/photos/3687770/pexels-photo-3687770.jpeg,cho dog
pexels-photo-2253275.jpeg,https://images.pexels.com/photos/2253275/pexels-photo-2253275.jpeg?auto=compress&cs=tinysrgb&dpr=1&w=500,https://images.pexels.com/photos/2253275/pexels-photo-2253275.jpeg,cho dog
pexels-photo-220938.jpeg,https://images.pexels.com/photos/220938/pexels-photo-220938.jpeg?auto=compress&cs=tinysrgb&dpr=1&w=500,https://images.pexels.com/photos/220938/pexels-photo-220938.jpeg,cho dog
pexels-photo-58997.jpeg,https://images.pexels.com/photos/58997/pexels-photo-58997.jpeg?auto=compress&cs=tinysrgb&dpr=1&w=500,https://images.pexels.com/photos/58997/pexels-photo-58997.jpeg,cho dog
pexels-photo-4318209.jpeg,https://images.pexels.com/photos/4318209/pexels-photo-4318209.jpeg?auto=compress&cs=tinysrgb&dpr=1&w=279.825&fit=crop&h=453.05,https://images.pexels.com/photos/4318209/pexels-photo-4318209.jpeg,cho dog
pexels-photo-933498.jpeg,https://images.pexels.com/photos/933498/pexels-photo-933498.jpeg?auto=compress&cs=tinysrgb&dpr=1&w=500,https://images.pexels.com/photos/933498/pexels-photo-933498.jpeg,cho dog
pexels-photo-8499870.jpeg,https://images.pexels.com/photos/8499870/pexels-photo-8499870.jpeg?auto=compress&cs=tinysrgb&h=226.525&fit=crop&w=253.17499999999998&dpr=1,https://images.pexels.com/photos/8499870/pexels-photo-8499870.jpeg,cho dog
pexels-photo-1805164.jpeg,https://images.pexels.com/photos/1805164/pexels-photo-1805164.jpeg?auto=compress&cs=tinysrgb&dpr=1&w=500,https://images.pexels.com/photos/1805164/pexels-photo-1805164.jpeg,cho dog
